ResNum,Residue,Score
1,MET,0.04913
2,PHE,0.02419
3,SER,0.04933
4,LEU,0.02396
5,LYS,0.01909
6,THR,0.01470
7,VAL,0.01104
8,VAL,0.01152
9,LEU,0.03976
10,ALA,0.06747
11,LEU,0.04854
12,ALA,0.03147
13,ALA,0.05093
14,ALA,0.14140
15,ALA,0.11059
16,PHE,0.08451
17,VAL,0.07540
18,GLN,0.11061
19,ALA,0.11837
20,ILE,0.06907
21,PRO,0.03211
22,ALA,0.08341
23,PRO,0.09889
24,GLY,0.09455
25,GLU,0.06479
26,GLY,0.06201
27,PRO,0.16483
28,SER,0.11109
29,VAL,0.07846
30,SER,0.11309
31,MET,0.06186
32,ALA,0.12831
33,GLN,0.11892
34,GLN,0.15398
35,LYS,0.04350
36,CYS,0.22846
37,GLY,0.10715
38,ALA,0.35210
39,GLU,0.37552
40,LYS,0.25004
41,VAL,0.64211
42,VAL,0.66323
43,SER,0.11779
44,CYS,0.21350
45,CYS,0.10717
46,ASN,0.26008
47,SER,0.38521
48,LYS,0.59215
49,GLU,0.09253
50,LEU,0.16171
51,LYS,0.04431
52,ASN,0.07396
53,SER,0.03332
54,LYS,0.06475
55,SER,0.09716
56,GLY,0.18051
57,ALA,0.11373
58,GLU,0.29254
59,ILE,0.06732
60,PRO,0.02377
61,ILE,0.06026
62,ASP,0.13505
63,VAL,0.10339
64,LEU,0.04940
65,SER,0.20692
66,GLY,0.28969
67,GLU,0.17185
68,CYS,0.81417
69,LYS,0.47036
70,ASN,0.08306
71,ILE,0.18720
72,PRO,0.06907
73,ILE,0.13110
74,ASN,0.08000
75,ILE,0.24884
76,LEU,0.03303
77,THR,0.13661
78,ILE,0.01925
79,ASN,0.07480
80,GLN,0.02536
81,LEU,0.02810
82,ILE,0.01370
83,PRO,0.06533
84,ILE,0.09484
85,ASN,0.10564
86,ASN,0.03542
87,PHE,0.08803
88,CYS,0.14131
89,SER,0.09037
90,ASP,0.05270
91,THR,0.12069
92,VAL,0.05106
93,SER,0.33714
94,CYS,0.16074
95,CYS,0.27097
96,SER,0.19816
97,GLY,0.29102
98,GLU,0.07391
99,GLN,0.09610
100,ILE,0.09206
101,GLY,0.10186
102,LEU,0.05971
103,VAL,0.16505
104,ASN,0.08694
105,ILE,0.12781
106,GLN,0.25457
107,CYS,0.06937
108,THR,0.13013
109,PRO,0.07296
110,ILE,0.04979
111,LEU,0.02872
112,SER,0.07490
